{"stats":{"minecraft:dropped":{"minecraft:wheat_seeds":4},"minecraft:mined":{"minecraft:tall_grass":1,"minecraft:grass":22},"minecraft:custom":{"minecraft:jump":94,"minecraft:time_since_rest":5039,"minecraft:play_one_minute":5039,"minecraft:crouch_one_cm":36,"minecraft:leave_game":3,"minecraft:sprint_one_cm":14651,"minecraft:time_since_death":5039,"minecraft:walk_on_water_one_cm":162,"minecraft:walk_one_cm":7368,"minecraft:sneak_time":12,"minecraft:walk_under_water_one_cm":18,"minecraft:swim_one_cm":668,"minecraft:drop":2,"minecraft:fall_one_cm":2634,"minecraft:fly_one_cm":21814},"minecraft:picked_up":{"minecraft:wheat_seeds":4}},"DataVersion":2586}