{"stats":{"minecraft:mined":{"minecraft:grass":1,"minecraft:tall_grass":1},"minecraft:custom":{"minecraft:jump":80,"minecraft:time_since_rest":4347,"minecraft:crouch_one_cm":36,"minecraft:play_one_minute":4347,"minecraft:leave_game":2,"minecraft:sprint_one_cm":11740,"minecraft:walk_on_water_one_cm":162,"minecraft:time_since_death":4347,"minecraft:walk_one_cm":5272,"minecraft:sneak_time":12,"minecraft:walk_under_water_one_cm":18,"minecraft:swim_one_cm":668,"minecraft:fall_one_cm":2216,"minecraft:fly_one_cm":19606}},"DataVersion":2586}